﻿<?xml version="1.0" encoding="utf-8"?>
<deployment>
  <id>8109df79-b306-499c-b9d5-c85252ef9a4d</id>
  <author>N/A</author>
  <deployer>Push-Deployer</deployer>
  <authorEmail>N/A</authorEmail>
  <message>Created via a push deployment</message>
  <progress></progress>
  <status>Success</status>
  <statusText></statusText>
  <lastSuccessEndTime>2025-11-13T18:31:44.6554349Z</lastSuccessEndTime>
  <receivedTime>2025-11-13T18:31:37.3229628Z</receivedTime>
  <startTime>2025-11-13T18:31:38.7554106Z</startTime>
  <endTime>2025-11-13T18:31:44.6554349Z</endTime>
  <complete>True</complete>
  <is_temp>False</is_temp>
  <is_readonly>True</is_readonly>
  <buildSummary />
</deployment>