﻿<?xml version="1.0" encoding="utf-8"?>
<deployment>
  <id>383e9195-15ac-480c-b675-515ca2385670</id>
  <author>N/A</author>
  <deployer>Push-Deployer</deployer>
  <authorEmail>N/A</authorEmail>
  <message>Created via a push deployment</message>
  <progress></progress>
  <status>Success</status>
  <statusText></statusText>
  <lastSuccessEndTime>2025-11-13T20:28:23.5313644Z</lastSuccessEndTime>
  <receivedTime>2025-11-13T20:27:26.4629239Z</receivedTime>
  <startTime>2025-11-13T20:27:27.8282118Z</startTime>
  <endTime>2025-11-13T20:28:23.5313644Z</endTime>
  <complete>True</complete>
  <is_temp>False</is_temp>
  <is_readonly>True</is_readonly>
  <buildSummary />
</deployment>