﻿<?xml version="1.0" encoding="utf-8"?>
<deployment>
  <id>7ab8b09a-586f-45d9-a8bf-302a746ef415</id>
  <author>N/A</author>
  <deployer>Push-Deployer</deployer>
  <authorEmail>N/A</authorEmail>
  <message>Created via a push deployment</message>
  <progress></progress>
  <status>Success</status>
  <statusText></statusText>
  <lastSuccessEndTime>2025-11-13T20:04:23.4665071Z</lastSuccessEndTime>
  <receivedTime>2025-11-13T20:03:26.9532321Z</receivedTime>
  <startTime>2025-11-13T20:03:28.2833811Z</startTime>
  <endTime>2025-11-13T20:04:23.4665071Z</endTime>
  <complete>True</complete>
  <is_temp>False</is_temp>
  <is_readonly>True</is_readonly>
  <buildSummary />
</deployment>