﻿<?xml version="1.0" encoding="utf-8"?>
<deployment>
  <id>0b964a11-c1a6-4815-b39e-545201341c20</id>
  <author>N/A</author>
  <deployer>Push-Deployer</deployer>
  <authorEmail>N/A</authorEmail>
  <message>Created via a push deployment</message>
  <progress></progress>
  <status>Success</status>
  <statusText></statusText>
  <lastSuccessEndTime>2025-11-13T18:16:42.7695184Z</lastSuccessEndTime>
  <receivedTime>2025-11-13T18:16:35.9543012Z</receivedTime>
  <startTime>2025-11-13T18:16:37.2501009Z</startTime>
  <endTime>2025-11-13T18:16:42.7695184Z</endTime>
  <complete>True</complete>
  <is_temp>False</is_temp>
  <is_readonly>True</is_readonly>
  <buildSummary />
</deployment>