﻿<?xml version="1.0" encoding="utf-8"?>
<deployment>
  <id>6332a9e4-46fd-4ae2-9738-64394e548160</id>
  <author>N/A</author>
  <deployer>Push-Deployer</deployer>
  <authorEmail>N/A</authorEmail>
  <message>Created via a push deployment</message>
  <progress></progress>
  <status>Success</status>
  <statusText></statusText>
  <lastSuccessEndTime>2025-11-13T17:46:33.6536857Z</lastSuccessEndTime>
  <receivedTime>2025-11-13T17:46:25.8620561Z</receivedTime>
  <startTime>2025-11-13T17:46:27.267186Z</startTime>
  <endTime>2025-11-13T17:46:33.6536857Z</endTime>
  <complete>True</complete>
  <is_temp>False</is_temp>
  <is_readonly>True</is_readonly>
  <buildSummary />
</deployment>