﻿<?xml version="1.0" encoding="utf-8"?>
<deployment>
  <id>5911eab9-2e35-4c09-9388-bd9cd2523810</id>
  <author>N/A</author>
  <deployer>Push-Deployer</deployer>
  <authorEmail>N/A</authorEmail>
  <message>Created via a push deployment</message>
  <progress></progress>
  <status>Success</status>
  <statusText></statusText>
  <lastSuccessEndTime>2025-11-13T18:19:22.0432604Z</lastSuccessEndTime>
  <receivedTime>2025-11-13T18:19:04.9251313Z</receivedTime>
  <startTime>2025-11-13T18:19:06.5445736Z</startTime>
  <endTime>2025-11-13T18:19:22.0432604Z</endTime>
  <complete>True</complete>
  <is_temp>False</is_temp>
  <is_readonly>True</is_readonly>
  <buildSummary />
</deployment>