﻿<?xml version="1.0" encoding="utf-8"?>
<deployment>
  <id>e1d193d3-532f-4e25-b55a-d1e77f30a417</id>
  <author>N/A</author>
  <deployer>Push-Deployer</deployer>
  <authorEmail>N/A</authorEmail>
  <message>Created via a push deployment</message>
  <progress></progress>
  <status>Success</status>
  <statusText></statusText>
  <lastSuccessEndTime>2025-11-13T19:19:44.6419622Z</lastSuccessEndTime>
  <receivedTime>2025-11-13T19:18:18.7771031Z</receivedTime>
  <startTime>2025-11-13T19:18:20.1582801Z</startTime>
  <endTime>2025-11-13T19:19:44.6419622Z</endTime>
  <complete>True</complete>
  <is_temp>False</is_temp>
  <is_readonly>True</is_readonly>
  <buildSummary />
</deployment>