﻿<?xml version="1.0" encoding="utf-8"?>
<deployment>
  <id>5641c7c2-fef9-4825-b3bc-3ab15d8cb655</id>
  <author>N/A</author>
  <deployer>Push-Deployer</deployer>
  <authorEmail>N/A</authorEmail>
  <message>Created via a push deployment</message>
  <progress></progress>
  <status>Success</status>
  <statusText></statusText>
  <lastSuccessEndTime>2025-11-13T18:07:30.6350993Z</lastSuccessEndTime>
  <receivedTime>2025-11-13T18:07:23.7565416Z</receivedTime>
  <startTime>2025-11-13T18:07:25.1153459Z</startTime>
  <endTime>2025-11-13T18:07:30.6350993Z</endTime>
  <complete>True</complete>
  <is_temp>False</is_temp>
  <is_readonly>True</is_readonly>
  <buildSummary />
</deployment>