﻿<?xml version="1.0" encoding="utf-8"?>
<deployment>
  <id>a9b36f79-4b05-4582-b1f2-cc87311741db</id>
  <author>N/A</author>
  <deployer>Push-Deployer</deployer>
  <authorEmail>N/A</authorEmail>
  <message>Created via a push deployment</message>
  <progress></progress>
  <status>Success</status>
  <statusText></statusText>
  <lastSuccessEndTime>2025-11-13T19:31:26.8789583Z</lastSuccessEndTime>
  <receivedTime>2025-11-13T19:30:34.4425792Z</receivedTime>
  <startTime>2025-11-13T19:30:35.8839385Z</startTime>
  <endTime>2025-11-13T19:31:26.8789583Z</endTime>
  <complete>True</complete>
  <is_temp>False</is_temp>
  <is_readonly>True</is_readonly>
  <buildSummary />
</deployment>