<step title="BackgroundTrace" date="2025-11-13T17:32:59.563" instance="14081d" url="/api/zipdeploy" method="POST" >
  <step title="Creating temporary deployment - FetchDeploymentManager" date="2025-11-13T17:32:59.744" /><!-- duration: 9ms -->
  <step title="Creating temporary deployment" date="2025-11-13T17:32:59.764" /><!-- duration: 190ms -->
  <step title="Performing fetch based deployment" date="2025-11-13T17:33:00.064" >
    <step title="Cleaning up temp folders from previous zip deployments and extracting pushed zip file /tmp/zipdeploy/57a01d9a-018a-4aff-a2e5-9cb49c7ab32b.zip (0.06 MB) to /tmp/zipdeploy/extracted" date="2025-11-13T17:33:01.301" >
      <step title="ChmodRecursive Process exited with total time taken in ms: 171" date="2025-11-13T17:33:01.670" /><!-- duration: 10ms -->
    </step><!-- duration: 410ms -->
    <step title="Deployment timer started" date="2025-11-13T17:33:03.857" >
      <step title="DeploymentManager.Deploy(id:deae72ca-5b6b-4956-be3f-16f4a3d5a013)" date="2025-11-13T17:33:03.907" >
        <step title="Collecting changeset information" date="2025-11-13T17:33:03.921" /><!-- duration: 245ms -->
        <step title="Updating submodules" date="2025-11-13T17:33:04.189" /><!-- duration: 1525ms -->
        <step title="Determining deployment builder" date="2025-11-13T17:33:06.408" >
          <step title="Builder is BasicBuilder" date="2025-11-13T17:33:06.478" /><!-- duration: 42ms -->
        </step><!-- duration: 161ms -->
        <step title="PreDeployment: context.CleanOutputPath False" date="2025-11-13T17:33:07.031" >
          <step title="PreDeployment: context.OutputPath /home/site/wwwroot" date="2025-11-13T17:33:07.333" >
            <step title="Building" date="2025-11-13T17:33:07.685" >
              <step title="Executing external process" date="2025-11-13T17:33:09.253" type="process" path="starter.sh" arguments="/opt/Kudu/Scripts/parallel_rsync.sh /tmp/zipdeploy/extracted /home/site/wwwroot 8 /tmp/ False True  " /><!-- duration: 15229ms -->
              <step title="Triggering recycle (preview mode disabled)." date="2025-11-13T17:33:25.282" /><!-- duration: 12ms -->
              <step title="Modified file to trigger a restart of the app container." date="2025-11-13T17:33:25.353" /><!-- duration: 18ms -->
              <step title="Skip function trigger and logicapp sync because function is not enabled." date="2025-11-13T17:33:25.392" /><!-- duration: 10ms -->
            </step><!-- duration: 19013ms -->
          </step><!-- duration: 19415ms -->
          <step title="Cleaning up temp files" date="2025-11-13T17:33:26.768" /><!-- duration: 39ms -->
          <step title="Cleaning up temp files" date="2025-11-13T17:33:26.829" /><!-- duration: 554ms -->
          <step title="Reloading status file with latest updates" date="2025-11-13T17:33:27.445" >
            <step title="WebHooksManager.PublishEventAsync: PostDeployment" date="2025-11-13T17:33:27.465" /><!-- duration: 340ms -->
          </step><!-- duration: 400ms -->
          <step title="Cleaning up temporary deployment - fetch deployment was successful" date="2025-11-13T17:33:27.886" /><!-- duration: 9ms -->
        </step><!-- duration: 21007ms -->
      </step><!-- duration: 24321ms -->
