<step title="Incoming Request" date="2025-11-13T19:18:14.728" instance="14081d" url="/api/zipdeploy?isAsync=true" method="POST" type="request" pid="776,1,26" Accept="application/json" Host="app-web-5xuei2n6kwkfk.scm.azurewebsites.net" User-Agent="azsdk-go-zip-deploy/1.0.0 (go1.25.0 X:loopvar; Windows_NT),azdev/1.21.1 (Go go1.25.0 X:loopvar; windows/amd64)" Accept-Encoding="gzip" Authorization="Bea..." Content-Type="application/octet-stream" Content-Length="354523" X-Ms-Correlation-Request-Id="738fb469d3ea4c4c70ed7824c4c2729f" X-ARR-LOG-ID="738fb469-d3ea-4c4c-70ed-7824c4c2729f" CLIENT-IP="89.155.48.166:50361" X-SITE-DEPLOYMENT-ID="app-web-5xuei2n6kwkfk" WAS-DEFAULT-HOSTNAME="app-web-5xuei2n6kwkfk.scm.azurewebsites.net" X-Forwarded-Proto="https" X-AppService-Proto="https" X-Forwarded-TlsVersion="1.3" X-WAWS-Unencoded-URL="/api/zipdeploy?isAsync=true" X-Client-IP="89.155.48.166" X-Client-Port="50361" >
  <step title="Cleanup Xml Logs" date="2025-11-13T19:18:14.731" /><!-- duration: 5ms -->
  <step title="ZipPushDeploy" date="2025-11-13T19:18:14.770" >
    <step title="ZipDeploy. Extract zip." date="2025-11-13T19:18:14.781" /><!-- duration: 1ms -->
    <step title="None repository commit" date="2025-11-13T19:18:14.788" >
      <step title="Commit id: e1d193d3-532f-4e25-b55a-d1e77f30a417" date="2025-11-13T19:18:14.790" Message="N/A" AuthorName="N/A" AuthorEmail="N/A" /><!-- duration: 1ms -->
    </step><!-- duration: 5ms -->
    <step title="Starting PushDeployAsync" date="2025-11-13T19:18:14.794" /><!-- duration: 2ms -->
    <step title="Writing artifact to /tmp/zipdeploy/7fda9c8a-8f93-4450-b66c-f5e15d8c063b.zip" date="2025-11-13T19:18:14.821" >
      <step title="Writing multipart request body to /tmp/zipdeploy/7fda9c8a-8f93-4450-b66c-f5e15d8c063b.zip" date="2025-11-13T19:18:14.830" /><!-- duration: 2ms -->
    </step><!-- duration: 107ms -->
    <step title="Start deployment in the background" date="2025-11-13T19:18:14.934" >
      <step title="Acquiring Deployment Lock" date="2025-11-13T19:18:14.969" /><!-- duration: 3ms -->
      <step title="Acquired Deployment Lock" date="2025-11-13T19:18:15.005" /><!-- duration: 2ms -->
    </step><!-- duration: 150ms -->
  </step><!-- duration: 325ms -->
  <step title="Outgoing response" date="2025-11-13T19:18:15.105" type="response" statusCode="202" statusText="Accepted" /><!-- duration: 2ms -->
</step><!-- duration: 384ms -->
