<step title="BackgroundTrace" date="2025-11-13T20:38:38.074" instance="14081d" url="/api/zipdeploy" method="POST" >
  <step title="Creating temporary deployment - FetchDeploymentManager" date="2025-11-13T20:38:38.149" /><!-- duration: 5ms -->
  <step title="Creating temporary deployment" date="2025-11-13T20:38:38.165" /><!-- duration: 87ms -->
  <step title="Performing fetch based deployment" date="2025-11-13T20:38:38.279" >
    <step title="Cleaning up temp folders from previous zip deployments and extracting pushed zip file /tmp/zipdeploy/d2ab254e-a0d4-43d5-8c28-f8fc2400edfb.zip (0.52 MB) to /tmp/zipdeploy/extracted" date="2025-11-13T20:38:39.406" >
      <step title="ChmodRecursive Process exited with total time taken in ms: 67" date="2025-11-13T20:38:39.596" /><!-- duration: 9ms -->
    </step><!-- duration: 202ms -->
    <step title="Deployment timer started" date="2025-11-13T20:38:41.627" >
      <step title="DeploymentManager.Deploy(id:6a60c3ac-02de-4c07-af37-763c95446b17)" date="2025-11-13T20:38:41.631" >
        <step title="Collecting changeset information" date="2025-11-13T20:38:41.659" /><!-- duration: 97ms -->
        <step title="Updating submodules" date="2025-11-13T20:38:41.759" /><!-- duration: 1111ms -->
        <step title="Determining deployment builder" date="2025-11-13T20:38:43.075" >
          <step title="Builder is OryxBuilder" date="2025-11-13T20:38:43.095" /><!-- duration: 10ms -->
        </step><!-- duration: 36ms -->
        <step title="PreDeployment: context.CleanOutputPath False" date="2025-11-13T20:38:43.165" >
          <step title="PreDeployment: context.OutputPath /home/site/wwwroot" date="2025-11-13T20:38:43.257" >
            <step title="Building" date="2025-11-13T20:38:43.365" >
              <step title="Executing external process" date="2025-11-13T20:38:43.611" type="process" path="bash" arguments="-c &quot;oryx build /tmp/zipdeploy/extracted -o /home/site/wwwroot --platform python --platform-version 3.11 -p virtualenv_name=antenv --log-file /tmp/build-debug.log  -i /tmp/8de22f4a2c2ee2f --compress-destination-dir | tee /tmp/oryx-build.log ; exit $PIPESTATUS &quot;" /><!-- duration: 41221ms -->
              <step title="Using PythonDeploymentLogParser" date="2025-11-13T20:39:25.107" /><!-- duration: 3ms -->
              <step title="Triggering recycle (preview mode disabled)." date="2025-11-13T20:39:26.307" /><!-- duration: 11ms -->
              <step title="Modified file to trigger a restart of the app container." date="2025-11-13T20:39:26.356" /><!-- duration: 2ms -->
              <step title="Skip function trigger and logicapp sync because function is not enabled." date="2025-11-13T20:39:26.377" /><!-- duration: 11ms -->
              <step title="Purge deployment items" date="2025-11-13T20:39:27.314" >
                <step title="Remove 6332a9e4-, Success, received at 11/13/2025 17:46:25" date="2025-11-13T20:39:27.361" /><!-- duration: 2ms -->
              </step><!-- duration: 51ms -->
            </step><!-- duration: 44071ms -->
          </step><!-- duration: 44182ms -->
          <step title="Cleaning up temp files" date="2025-11-13T20:39:27.439" /><!-- duration: 1800ms -->
          <step title="Cleaning up temp files" date="2025-11-13T20:39:29.242" /><!-- duration: 504ms -->
          <step title="Reloading status file with latest updates" date="2025-11-13T20:39:29.765" >
            <step title="WebHooksManager.PublishEventAsync: PostDeployment" date="2025-11-13T20:39:29.772" /><!-- duration: 31ms -->
          </step><!-- duration: 45ms -->
          <step title="Cleaning up temporary deployment - fetch deployment was successful" date="2025-11-13T20:39:29.822" /><!-- duration: 2ms -->
        </step><!-- duration: 46697ms -->
      </step><!-- duration: 48250ms -->
