<step title="BackgroundTrace" date="2025-11-13T20:14:36.082" instance="14081d" url="/api/zipdeploy" method="POST" >
  <step title="Creating temporary deployment - FetchDeploymentManager" date="2025-11-13T20:14:36.146" /><!-- duration: 1ms -->
  <step title="Creating temporary deployment" date="2025-11-13T20:14:36.152" /><!-- duration: 138ms -->
  <step title="Performing fetch based deployment" date="2025-11-13T20:14:36.354" >
    <step title="Cleaning up temp folders from previous zip deployments and extracting pushed zip file /tmp/zipdeploy/6c62b5b9-007c-4b7c-9a94-f4847717f809.zip (0.52 MB) to /tmp/zipdeploy/extracted" date="2025-11-13T20:14:37.866" >
      <step title="ChmodRecursive Process exited with total time taken in ms: 63" date="2025-11-13T20:14:38.168" /><!-- duration: 13ms -->
    </step><!-- duration: 326ms -->
    <step title="Deployment timer started" date="2025-11-13T20:14:40.240" >
      <step title="DeploymentManager.Deploy(id:189f5d4d-a401-4d2d-8a4f-72544de40107)" date="2025-11-13T20:14:40.247" >
        <step title="Collecting changeset information" date="2025-11-13T20:14:40.298" /><!-- duration: 146ms -->
        <step title="Updating submodules" date="2025-11-13T20:14:40.447" /><!-- duration: 1138ms -->
        <step title="Determining deployment builder" date="2025-11-13T20:14:41.796" >
          <step title="Builder is OryxBuilder" date="2025-11-13T20:14:41.824" /><!-- duration: 2ms -->
        </step><!-- duration: 36ms -->
        <step title="PreDeployment: context.CleanOutputPath False" date="2025-11-13T20:14:41.894" >
          <step title="PreDeployment: context.OutputPath /home/site/wwwroot" date="2025-11-13T20:14:42.341" >
            <step title="Building" date="2025-11-13T20:14:42.489" >
              <step title="Executing external process" date="2025-11-13T20:14:42.789" type="process" path="bash" arguments="-c &quot;oryx build /tmp/zipdeploy/extracted -o /home/site/wwwroot --platform python --platform-version 3.11 -p virtualenv_name=antenv --log-file /tmp/build-debug.log  -i /tmp/8de22f147b14be1 --compress-destination-dir | tee /tmp/oryx-build.log ; exit $PIPESTATUS &quot;" /><!-- duration: 47978ms -->
              <step title="Using PythonDeploymentLogParser" date="2025-11-13T20:15:31.123" /><!-- duration: 3ms -->
              <step title="Triggering recycle (preview mode disabled)." date="2025-11-13T20:15:32.236" /><!-- duration: 3ms -->
              <step title="Modified file to trigger a restart of the app container." date="2025-11-13T20:15:32.294" /><!-- duration: 3ms -->
              <step title="Skip function trigger and logicapp sync because function is not enabled." date="2025-11-13T20:15:32.302" /><!-- duration: 2ms -->
            </step><!-- duration: 50799ms -->
          </step><!-- duration: 50951ms -->
          <step title="Cleaning up temp files" date="2025-11-13T20:15:33.295" /><!-- duration: 1784ms -->
          <step title="Cleaning up temp files" date="2025-11-13T20:15:35.083" /><!-- duration: 508ms -->
          <step title="Reloading status file with latest updates" date="2025-11-13T20:15:35.610" >
            <step title="WebHooksManager.PublishEventAsync: PostDeployment" date="2025-11-13T20:15:35.612" /><!-- duration: 37ms -->
          </step><!-- duration: 42ms -->
          <step title="Cleaning up temporary deployment - fetch deployment was successful" date="2025-11-13T20:15:35.658" /><!-- duration: 3ms -->
        </step><!-- duration: 53813ms -->
      </step><!-- duration: 55477ms -->
