<step title="BackgroundTrace" date="2025-11-13T18:31:33.722" instance="14081d" url="/api/zipdeploy" method="POST" >
  <step title="Creating temporary deployment - FetchDeploymentManager" date="2025-11-13T18:31:33.803" /><!-- duration: 1ms -->
  <step title="Creating temporary deployment" date="2025-11-13T18:31:33.806" /><!-- duration: 40ms -->
  <step title="Performing fetch based deployment" date="2025-11-13T18:31:33.906" >
    <step title="Cleaning up temp folders from previous zip deployments and extracting pushed zip file /tmp/zipdeploy/8ae6dae8-6d6e-4b13-a550-731b40f10574.zip (0.16 MB) to /tmp/zipdeploy/extracted" date="2025-11-13T18:31:35.067" >
      <step title="ChmodRecursive Process exited with total time taken in ms: 111" date="2025-11-13T18:31:35.279" /><!-- duration: 4ms -->
    </step><!-- duration: 221ms -->
    <step title="Deployment timer started" date="2025-11-13T18:31:37.295" >
      <step title="DeploymentManager.Deploy(id:8109df79-b306-499c-b9d5-c85252ef9a4d)" date="2025-11-13T18:31:37.299" >
        <step title="Collecting changeset information" date="2025-11-13T18:31:37.305" /><!-- duration: 63ms -->
        <step title="Updating submodules" date="2025-11-13T18:31:37.370" /><!-- duration: 1134ms -->
        <step title="Determining deployment builder" date="2025-11-13T18:31:38.835" >
          <step title="Builder is BasicBuilder" date="2025-11-13T18:31:38.865" /><!-- duration: 8ms -->
        </step><!-- duration: 41ms -->
        <step title="PreDeployment: context.CleanOutputPath False" date="2025-11-13T18:31:38.915" >
          <step title="PreDeployment: context.OutputPath /home/site/wwwroot" date="2025-11-13T18:31:39.117" >
            <step title="Building" date="2025-11-13T18:31:39.436" >
              <step title="Executing external process" date="2025-11-13T18:31:40.139" type="process" path="starter.sh" arguments="/opt/Kudu/Scripts/parallel_rsync.sh /tmp/zipdeploy/extracted /home/site/wwwroot 8 /tmp/ False True  " /><!-- duration: 3921ms -->
              <step title="Triggering recycle (preview mode disabled)." date="2025-11-13T18:31:44.290" /><!-- duration: 1ms -->
              <step title="Modified file to trigger a restart of the app container." date="2025-11-13T18:31:44.316" /><!-- duration: 2ms -->
              <step title="Skip function trigger and logicapp sync because function is not enabled." date="2025-11-13T18:31:44.329" /><!-- duration: 2ms -->
            </step><!-- duration: 6372ms -->
          </step><!-- duration: 6881ms -->
          <step title="Cleaning up temp files" date="2025-11-13T18:31:46.020" /><!-- duration: 11ms -->
          <step title="Cleaning up temp files" date="2025-11-13T18:31:46.061" /><!-- duration: 561ms -->
          <step title="Reloading status file with latest updates" date="2025-11-13T18:31:46.725" >
            <step title="WebHooksManager.PublishEventAsync: PostDeployment" date="2025-11-13T18:31:46.766" /><!-- duration: 693ms -->
          </step><!-- duration: 774ms -->
          <step title="Cleaning up temporary deployment - fetch deployment was successful" date="2025-11-13T18:31:47.549" /><!-- duration: 90ms -->
        </step><!-- duration: 8964ms -->
      </step><!-- duration: 10762ms -->
