<step title="Incoming Request" date="2025-11-13T18:31:33.010" instance="14081d" url="/api/zipdeploy?isAsync=true" method="POST" type="request" pid="768,1,7" Accept="application/json" Host="app-web-5xuei2n6kwkfk.scm.azurewebsites.net" User-Agent="azsdk-go-zip-deploy/1.0.0 (go1.25.0 X:loopvar; Windows_NT),azdev/1.21.1 (Go go1.25.0 X:loopvar; windows/amd64)" Accept-Encoding="gzip" Authorization="Bea..." Content-Type="application/octet-stream" Content-Length="165567" X-Ms-Correlation-Request-Id="c9758d57928ee492000ec6c1a8daf9f4" X-ARR-LOG-ID="c9758d57-928e-e492-000e-c6c1a8daf9f4" CLIENT-IP="89.155.48.166:63975" X-SITE-DEPLOYMENT-ID="app-web-5xuei2n6kwkfk" WAS-DEFAULT-HOSTNAME="app-web-5xuei2n6kwkfk.scm.azurewebsites.net" X-Forwarded-Proto="https" X-AppService-Proto="https" X-Forwarded-TlsVersion="1.3" X-WAWS-Unencoded-URL="/api/zipdeploy?isAsync=true" X-Client-IP="89.155.48.166" X-Client-Port="63975" >
  <step title="ZipPushDeploy" date="2025-11-13T18:31:33.614" >
    <step title="ZipDeploy. Extract zip." date="2025-11-13T18:31:33.626" /><!-- duration: 2ms -->
    <step title="None repository commit" date="2025-11-13T18:31:33.632" >
      <step title="Commit id: 8109df79-b306-499c-b9d5-c85252ef9a4d" date="2025-11-13T18:31:33.635" Message="N/A" AuthorName="N/A" AuthorEmail="N/A" /><!-- duration: 2ms -->
    </step><!-- duration: 7ms -->
    <step title="Starting PushDeployAsync" date="2025-11-13T18:31:33.641" /><!-- duration: 2ms -->
    <step title="Writing artifact to /tmp/zipdeploy/8ae6dae8-6d6e-4b13-a550-731b40f10574.zip" date="2025-11-13T18:31:33.655" >
      <step title="Writing multipart request body to /tmp/zipdeploy/8ae6dae8-6d6e-4b13-a550-731b40f10574.zip" date="2025-11-13T18:31:33.657" /><!-- duration: 1ms -->
    </step><!-- duration: 48ms -->
    <step title="Start deployment in the background" date="2025-11-13T18:31:33.715" >
      <step title="Acquiring Deployment Lock" date="2025-11-13T18:31:33.732" /><!-- duration: 2ms -->
      <step title="Acquired Deployment Lock" date="2025-11-13T18:31:33.796" /><!-- duration: 1ms -->
    </step><!-- duration: 133ms -->
  </step><!-- duration: 242ms -->
  <step title="Outgoing response" date="2025-11-13T18:31:33.876" type="response" statusCode="202" statusText="Accepted" /><!-- duration: 9ms -->
</step><!-- duration: 876ms -->
