<step title="BackgroundTrace" date="2025-11-13T18:07:19.310" instance="14081d" url="/api/zipdeploy" method="POST" >
  <step title="Creating temporary deployment - FetchDeploymentManager" date="2025-11-13T18:07:19.451" /><!-- duration: 9ms -->
  <step title="Creating temporary deployment" date="2025-11-13T18:07:19.471" /><!-- duration: 89ms -->
  <step title="Performing fetch based deployment" date="2025-11-13T18:07:19.641" >
    <step title="Cleaning up temp folders from previous zip deployments and extracting pushed zip file /tmp/zipdeploy/4c460cc1-c4b1-48c1-b967-3ec776bb9eca.zip (0.15 MB) to /tmp/zipdeploy/extracted" date="2025-11-13T18:07:20.901" >
      <step title="ChmodRecursive Process exited with total time taken in ms: 132" date="2025-11-13T18:07:21.386" /><!-- duration: 60ms -->
    </step><!-- duration: 604ms -->
    <step title="Deployment timer started" date="2025-11-13T18:07:23.555" >
      <step title="DeploymentManager.Deploy(id:5641c7c2-fef9-4825-b3bc-3ab15d8cb655)" date="2025-11-13T18:07:23.584" >
        <step title="Collecting changeset information" date="2025-11-13T18:07:23.677" /><!-- duration: 139ms -->
        <step title="Updating submodules" date="2025-11-13T18:07:23.818" /><!-- duration: 1155ms -->
        <step title="Determining deployment builder" date="2025-11-13T18:07:25.177" >
          <step title="Builder is BasicBuilder" date="2025-11-13T18:07:25.181" /><!-- duration: 10ms -->
        </step><!-- duration: 17ms -->
        <step title="PreDeployment: context.CleanOutputPath False" date="2025-11-13T18:07:25.247" >
          <step title="PreDeployment: context.OutputPath /home/site/wwwroot" date="2025-11-13T18:07:25.343" >
            <step title="Building" date="2025-11-13T18:07:25.461" >
              <step title="Executing external process" date="2025-11-13T18:07:25.715" type="process" path="starter.sh" arguments="/opt/Kudu/Scripts/parallel_rsync.sh /tmp/zipdeploy/extracted /home/site/wwwroot 8 /tmp/ False True  " /><!-- duration: 4310ms -->
              <step title="Triggering recycle (preview mode disabled)." date="2025-11-13T18:07:30.243" /><!-- duration: 7ms -->
              <step title="Modified file to trigger a restart of the app container." date="2025-11-13T18:07:30.272" /><!-- duration: 1ms -->
              <step title="Skip function trigger and logicapp sync because function is not enabled." date="2025-11-13T18:07:30.284" /><!-- duration: 5ms -->
              <step title="Purge deployment items" date="2025-11-13T18:07:30.939" >
                <step title="Remove d8105ecc-, Failed, received at 11/13/2025 18:06:42" date="2025-11-13T18:07:30.989" /><!-- duration: 1ms -->
              </step><!-- duration: 53ms -->
            </step><!-- duration: 5594ms -->
          </step><!-- duration: 5713ms -->
          <step title="Cleaning up temp files" date="2025-11-13T18:07:31.059" /><!-- duration: 4ms -->
          <step title="Cleaning up temp files" date="2025-11-13T18:07:31.071" /><!-- duration: 513ms -->
          <step title="Reloading status file with latest updates" date="2025-11-13T18:07:31.613" >
            <step title="WebHooksManager.PublishEventAsync: PostDeployment" date="2025-11-13T18:07:31.615" /><!-- duration: 34ms -->
          </step><!-- duration: 38ms -->
          <step title="Cleaning up temporary deployment - fetch deployment was successful" date="2025-11-13T18:07:31.654" /><!-- duration: 2ms -->
        </step><!-- duration: 6466ms -->
      </step><!-- duration: 8144ms -->
