<step title="BackgroundTrace" date="2025-11-13T18:16:32.260" instance="14081d" url="/api/zipdeploy" method="POST" >
  <step title="Creating temporary deployment - FetchDeploymentManager" date="2025-11-13T18:16:32.309" /><!-- duration: 2ms -->
  <step title="Creating temporary deployment" date="2025-11-13T18:16:32.317" /><!-- duration: 66ms -->
  <step title="Performing fetch based deployment" date="2025-11-13T18:16:32.414" >
    <step title="Cleaning up temp folders from previous zip deployments and extracting pushed zip file /tmp/zipdeploy/cb2cb668-9318-4200-b353-f66319d6afe3.zip (0.15 MB) to /tmp/zipdeploy/extracted" date="2025-11-13T18:16:33.584" >
      <step title="ChmodRecursive Process exited with total time taken in ms: 48" date="2025-11-13T18:16:33.794" /><!-- duration: 28ms -->
    </step><!-- duration: 249ms -->
    <step title="Deployment timer started" date="2025-11-13T18:16:35.864" >
      <step title="DeploymentManager.Deploy(id:0b964a11-c1a6-4815-b39e-545201341c20)" date="2025-11-13T18:16:35.870" >
        <step title="Collecting changeset information" date="2025-11-13T18:16:35.921" /><!-- duration: 78ms -->
        <step title="Updating submodules" date="2025-11-13T18:16:36.002" /><!-- duration: 1102ms -->
        <step title="Determining deployment builder" date="2025-11-13T18:16:37.305" >
          <step title="Builder is BasicBuilder" date="2025-11-13T18:16:37.326" /><!-- duration: 2ms -->
        </step><!-- duration: 24ms -->
        <step title="PreDeployment: context.CleanOutputPath False" date="2025-11-13T18:16:37.388" >
          <step title="PreDeployment: context.OutputPath /home/site/wwwroot" date="2025-11-13T18:16:37.511" >
            <step title="Building" date="2025-11-13T18:16:37.629" >
              <step title="Executing external process" date="2025-11-13T18:16:37.936" type="process" path="starter.sh" arguments="/opt/Kudu/Scripts/parallel_rsync.sh /tmp/zipdeploy/extracted /home/site/wwwroot 8 /tmp/ False True  " /><!-- duration: 4098ms -->
              <step title="Triggering recycle (preview mode disabled)." date="2025-11-13T18:16:42.290" /><!-- duration: 3ms -->
              <step title="Modified file to trigger a restart of the app container." date="2025-11-13T18:16:42.310" /><!-- duration: 1ms -->
              <step title="Skip function trigger and logicapp sync because function is not enabled." date="2025-11-13T18:16:42.316" /><!-- duration: 2ms -->
            </step><!-- duration: 5839ms -->
          </step><!-- duration: 5959ms -->
          <step title="Cleaning up temp files" date="2025-11-13T18:16:43.472" /><!-- duration: 2ms -->
          <step title="Cleaning up temp files" date="2025-11-13T18:16:43.480" /><!-- duration: 520ms -->
          <step title="Reloading status file with latest updates" date="2025-11-13T18:16:44.047" >
            <step title="WebHooksManager.PublishEventAsync: PostDeployment" date="2025-11-13T18:16:44.056" /><!-- duration: 43ms -->
          </step><!-- duration: 53ms -->
          <step title="Cleaning up temporary deployment - fetch deployment was successful" date="2025-11-13T18:16:44.103" /><!-- duration: 2ms -->
        </step><!-- duration: 6788ms -->
      </step><!-- duration: 8314ms -->
