<step title="Incoming Request" date="2025-11-13T18:19:00.642" instance="14081d" url="/api/zipdeploy?isAsync=true" method="POST" type="request" pid="772,1,19" Accept="application/json" Host="app-web-5xuei2n6kwkfk.scm.azurewebsites.net" User-Agent="azsdk-go-zip-deploy/1.0.0 (go1.25.0 X:loopvar; Windows_NT),azdev/1.21.1 (Go go1.25.0 X:loopvar; windows/amd64)" Accept-Encoding="gzip" Authorization="Bea..." Content-Type="application/octet-stream" Content-Length="156241" X-Ms-Correlation-Request-Id="4b7dce9a8374d03aa7e48f34cd33c8a1" X-ARR-LOG-ID="4b7dce9a-8374-d03a-a7e4-8f34cd33c8a1" CLIENT-IP="89.155.48.166:60416" X-SITE-DEPLOYMENT-ID="app-web-5xuei2n6kwkfk" WAS-DEFAULT-HOSTNAME="app-web-5xuei2n6kwkfk.scm.azurewebsites.net" X-Forwarded-Proto="https" X-AppService-Proto="https" X-Forwarded-TlsVersion="1.3" X-WAWS-Unencoded-URL="/api/zipdeploy?isAsync=true" X-Client-IP="89.155.48.166" X-Client-Port="60416" >
  <step title="Cleanup Xml Logs" date="2025-11-13T18:19:00.644" /><!-- duration: 8ms -->
  <step title="ZipPushDeploy" date="2025-11-13T18:19:00.671" >
    <step title="ZipDeploy. Extract zip." date="2025-11-13T18:19:00.675" /><!-- duration: 2ms -->
    <step title="Starting PushDeployAsync" date="2025-11-13T18:19:00.682" /><!-- duration: 3ms -->
    <step title="Writing artifact to /tmp/zipdeploy/f5cf5d8a-d626-4ad8-93f8-73c695186491.zip" date="2025-11-13T18:19:00.701" >
      <step title="Writing multipart request body to /tmp/zipdeploy/f5cf5d8a-d626-4ad8-93f8-73c695186491.zip" date="2025-11-13T18:19:00.711" /><!-- duration: 2ms -->
    </step><!-- duration: 22ms -->
    <step title="Start deployment in the background" date="2025-11-13T18:19:00.741" >
      <step title="Acquiring Deployment Lock" date="2025-11-13T18:19:00.770" /><!-- duration: 2ms -->
      <step title="Acquired Deployment Lock" date="2025-11-13T18:19:00.797" /><!-- duration: 2ms -->
    </step><!-- duration: 109ms -->
  </step><!-- duration: 181ms -->
  <step title="Outgoing response" date="2025-11-13T18:19:00.854" type="response" statusCode="202" statusText="Accepted" /><!-- duration: 2ms -->
</step><!-- duration: 215ms -->
