<step title="Incoming Request" date="2025-11-13T19:30:29.799" instance="14081d" url="/api/zipdeploy?isAsync=true" method="POST" type="request" pid="776,1,16" Accept="application/json" Host="app-web-5xuei2n6kwkfk.scm.azurewebsites.net" User-Agent="azsdk-go-zip-deploy/1.0.0 (go1.25.0 X:loopvar; Windows_NT),azdev/1.21.1 (Go go1.25.0 X:loopvar; windows/amd64)" Accept-Encoding="gzip" Authorization="Bea..." Content-Type="application/octet-stream" Content-Length="354523" X-Ms-Correlation-Request-Id="738fb469d3ea4c4c70ed7824c4c2729f" X-ARR-LOG-ID="738fb469-d3ea-4c4c-70ed-7824c4c2729f" CLIENT-IP="89.155.48.166:51468" X-SITE-DEPLOYMENT-ID="app-web-5xuei2n6kwkfk" WAS-DEFAULT-HOSTNAME="app-web-5xuei2n6kwkfk.scm.azurewebsites.net" X-Forwarded-Proto="https" X-AppService-Proto="https" X-Forwarded-TlsVersion="1.3" X-WAWS-Unencoded-URL="/api/zipdeploy?isAsync=true" X-Client-IP="89.155.48.166" X-Client-Port="51468" >
  <step title="Cleanup Xml Logs" date="2025-11-13T19:30:29.811" /><!-- duration: 10ms -->
  <step title="ZipPushDeploy" date="2025-11-13T19:30:30.066" >
    <step title="ZipDeploy. Extract zip." date="2025-11-13T19:30:30.083" /><!-- duration: 2ms -->
    <step title="Starting PushDeployAsync" date="2025-11-13T19:30:30.092" /><!-- duration: 2ms -->
    <step title="Writing artifact to /tmp/zipdeploy/f7768211-1232-4771-b614-7d82d28f3620.zip" date="2025-11-13T19:30:30.123" >
      <step title="Writing multipart request body to /tmp/zipdeploy/f7768211-1232-4771-b614-7d82d28f3620.zip" date="2025-11-13T19:30:30.146" /><!-- duration: 2ms -->
    </step><!-- duration: 126ms -->
    <step title="Removing previous build artifact&apos;s manifest file" date="2025-11-13T19:30:30.255" >
      <step title="Start deployment in the background" date="2025-11-13T19:30:30.274" >
        <step title="Acquiring Deployment Lock" date="2025-11-13T19:30:30.321" /><!-- duration: 2ms -->
        <step title="Acquired Deployment Lock" date="2025-11-13T19:30:30.371" /><!-- duration: 2ms -->
      </step><!-- duration: 228ms -->
    </step><!-- duration: 269ms -->
    <step title="Outgoing response" date="2025-11-13T19:30:30.550" type="response" statusCode="202" statusText="Accepted" /><!-- duration: 4ms -->
  </step><!-- duration: 489ms -->
