<step title="BackgroundTrace" date="2025-11-13T19:18:14.940" instance="14081d" url="/api/zipdeploy" method="POST" >
  <step title="Creating temporary deployment - FetchDeploymentManager" date="2025-11-13T19:18:15.009" /><!-- duration: 1ms -->
  <step title="Creating temporary deployment" date="2025-11-13T19:18:15.013" /><!-- duration: 70ms -->
  <step title="Performing fetch based deployment" date="2025-11-13T19:18:15.120" >
    <step title="Cleaning up temp folders from previous zip deployments and extracting pushed zip file /tmp/zipdeploy/7fda9c8a-8f93-4450-b66c-f5e15d8c063b.zip (0.34 MB) to /tmp/zipdeploy/extracted" date="2025-11-13T19:18:16.459" >
      <step title="ChmodRecursive Process exited with total time taken in ms: 79" date="2025-11-13T19:18:16.647" /><!-- duration: 3ms -->
    </step><!-- duration: 207ms -->
    <step title="Deployment timer started" date="2025-11-13T19:18:18.686" >
      <step title="DeploymentManager.Deploy(id:e1d193d3-532f-4e25-b55a-d1e77f30a417)" date="2025-11-13T19:18:18.692" >
        <step title="Collecting changeset information" date="2025-11-13T19:18:18.727" /><!-- duration: 129ms -->
        <step title="Updating submodules" date="2025-11-13T19:18:18.878" /><!-- duration: 1150ms -->
        <step title="Determining deployment builder" date="2025-11-13T19:18:20.218" >
          <step title="Builder is OryxBuilder" date="2025-11-13T19:18:20.236" /><!-- duration: 3ms -->
        </step><!-- duration: 30ms -->
        <step title="PreDeployment: context.CleanOutputPath False" date="2025-11-13T19:18:20.304" >
          <step title="PreDeployment: context.OutputPath /home/site/wwwroot" date="2025-11-13T19:18:20.435" >
            <step title="Building" date="2025-11-13T19:18:20.548" >
              <step title="Executing external process" date="2025-11-13T19:18:20.867" type="process" path="bash" arguments="-c &quot;oryx build /tmp/zipdeploy/extracted -o /home/site/wwwroot --platform python --platform-version 3.11 -p virtualenv_name=antenv --log-file /tmp/build-debug.log  -i /tmp/8de22e9681bd2b3 --compress-destination-dir | tee /tmp/oryx-build.log ; exit $PIPESTATUS &quot;" /><!-- duration: 81974ms -->
              <step title="Using PythonDeploymentLogParser" date="2025-11-13T19:19:43.239" /><!-- duration: 10ms -->
              <step title="Triggering recycle (preview mode disabled)." date="2025-11-13T19:19:44.146" /><!-- duration: 10ms -->
              <step title="Modified file to trigger a restart of the app container." date="2025-11-13T19:19:44.199" /><!-- duration: 2ms -->
              <step title="Skip function trigger and logicapp sync because function is not enabled." date="2025-11-13T19:19:44.207" /><!-- duration: 29ms -->
            </step><!-- duration: 84547ms -->
          </step><!-- duration: 84663ms -->
          <step title="Cleaning up temp files" date="2025-11-13T19:19:45.100" /><!-- duration: 1766ms -->
          <step title="Cleaning up temp files" date="2025-11-13T19:19:46.878" /><!-- duration: 549ms -->
          <step title="Reloading status file with latest updates" date="2025-11-13T19:19:47.466" >
            <step title="WebHooksManager.PublishEventAsync: PostDeployment" date="2025-11-13T19:19:47.475" /><!-- duration: 167ms -->
          </step><!-- duration: 178ms -->
          <step title="Cleaning up temporary deployment - fetch deployment was successful" date="2025-11-13T19:19:47.650" /><!-- duration: 1ms -->
        </step><!-- duration: 87393ms -->
      </step><!-- duration: 89013ms -->
