<step title="Incoming Request" date="2025-11-13T20:03:21.688" instance="14081d" url="/api/zipdeploy?isAsync=true" method="POST" type="request" pid="776,1,21" Accept="application/json" Host="app-web-5xuei2n6kwkfk.scm.azurewebsites.net" User-Agent="azsdk-go-zip-deploy/1.0.0 (go1.25.0 X:loopvar; Windows_NT),azdev/1.21.1 (Go go1.25.0 X:loopvar; windows/amd64)" Accept-Encoding="gzip" Authorization="Bea..." Content-Type="application/octet-stream" Content-Length="544539" X-Ms-Correlation-Request-Id="970e5c365fc302e78cfdc625df49ee59" X-ARR-LOG-ID="970e5c36-5fc3-02e7-8cfd-c625df49ee59" CLIENT-IP="89.155.48.166:53675" X-SITE-DEPLOYMENT-ID="app-web-5xuei2n6kwkfk" WAS-DEFAULT-HOSTNAME="app-web-5xuei2n6kwkfk.scm.azurewebsites.net" X-Forwarded-Proto="https" X-AppService-Proto="https" X-Forwarded-TlsVersion="1.3" X-WAWS-Unencoded-URL="/api/zipdeploy?isAsync=true" X-Client-IP="89.155.48.166" X-Client-Port="53675" >
  <step title="Cleanup Xml Logs" date="2025-11-13T20:03:21.695" /><!-- duration: 12ms -->
  <step title="ZipPushDeploy" date="2025-11-13T20:03:21.883" >
    <step title="ZipDeploy. Extract zip." date="2025-11-13T20:03:21.903" /><!-- duration: 2ms -->
    <step title="Starting PushDeployAsync" date="2025-11-13T20:03:21.914" /><!-- duration: 2ms -->
    <step title="Writing artifact to /tmp/zipdeploy/52c92099-cb70-447b-98c1-93e48cee4ca6.zip" date="2025-11-13T20:03:21.970" >
      <step title="Writing multipart request body to /tmp/zipdeploy/52c92099-cb70-447b-98c1-93e48cee4ca6.zip" date="2025-11-13T20:03:21.996" /><!-- duration: 4ms -->
    </step><!-- duration: 203ms -->
    <step title="Removing previous build artifact&apos;s manifest file" date="2025-11-13T20:03:22.177" >
      <step title="Start deployment in the background" date="2025-11-13T20:03:22.247" >
        <step title="Acquiring Deployment Lock" date="2025-11-13T20:03:22.374" /><!-- duration: 5ms -->
        <step title="Acquired Deployment Lock" date="2025-11-13T20:03:22.427" /><!-- duration: 3ms -->
      </step><!-- duration: 316ms -->
    </step><!-- duration: 434ms -->
    <step title="Outgoing response" date="2025-11-13T20:03:22.644" type="response" statusCode="202" statusText="Accepted" /><!-- duration: 2ms -->
  </step><!-- duration: 768ms -->
