<step title="BackgroundTrace" date="2025-11-13T20:03:22.259" instance="14081d" url="/api/zipdeploy" method="POST" >
  <step title="Creating temporary deployment - FetchDeploymentManager" date="2025-11-13T20:03:22.431" /><!-- duration: 2ms -->
  <step title="Creating temporary deployment" date="2025-11-13T20:03:22.439" /><!-- duration: 119ms -->
  <step title="Performing fetch based deployment" date="2025-11-13T20:03:22.665" >
    <step title="Cleaning up temp folders from previous zip deployments and extracting pushed zip file /tmp/zipdeploy/52c92099-cb70-447b-98c1-93e48cee4ca6.zip (0.52 MB) to /tmp/zipdeploy/extracted" date="2025-11-13T20:03:24.310" >
      <step title="ChmodRecursive Process exited with total time taken in ms: 154" date="2025-11-13T20:03:24.691" /><!-- duration: 3ms -->
    </step><!-- duration: 389ms -->
    <step title="Deployment timer started" date="2025-11-13T20:03:26.752" >
      <step title="DeploymentManager.Deploy(id:7ab8b09a-586f-45d9-a8bf-302a746ef415)" date="2025-11-13T20:03:26.801" >
        <step title="Collecting changeset information" date="2025-11-13T20:03:26.907" /><!-- duration: 109ms -->
        <step title="Updating submodules" date="2025-11-13T20:03:27.020" /><!-- duration: 1133ms -->
        <step title="Determining deployment builder" date="2025-11-13T20:03:28.346" >
          <step title="Builder is OryxBuilder" date="2025-11-13T20:03:28.367" /><!-- duration: 4ms -->
        </step><!-- duration: 31ms -->
        <step title="PreDeployment: context.CleanOutputPath False" date="2025-11-13T20:03:28.444" >
          <step title="PreDeployment: context.OutputPath /home/site/wwwroot" date="2025-11-13T20:03:28.548" >
            <step title="Building" date="2025-11-13T20:03:28.702" >
              <step title="Executing external process" date="2025-11-13T20:03:29.035" type="process" path="bash" arguments="-c &quot;oryx build /tmp/zipdeploy/extracted -o /home/site/wwwroot --platform python --platform-version 3.11 -p virtualenv_name=antenv --log-file /tmp/build-debug.log  -i /tmp/8de22efb647a6eb --compress-destination-dir | tee /tmp/oryx-build.log ; exit $PIPESTATUS &quot;" /><!-- duration: 52466ms -->
              <step title="Using PythonDeploymentLogParser" date="2025-11-13T20:04:21.812" /><!-- duration: 10ms -->
              <step title="Triggering recycle (preview mode disabled)." date="2025-11-13T20:04:23.036" /><!-- duration: 2ms -->
              <step title="Modified file to trigger a restart of the app container." date="2025-11-13T20:04:23.062" /><!-- duration: 1ms -->
              <step title="Skip function trigger and logicapp sync because function is not enabled." date="2025-11-13T20:04:23.075" /><!-- duration: 4ms -->
            </step><!-- duration: 55321ms -->
          </step><!-- duration: 55478ms -->
          <step title="Cleaning up temp files" date="2025-11-13T20:04:24.028" /><!-- duration: 1987ms -->
          <step title="Cleaning up temp files" date="2025-11-13T20:04:26.017" /><!-- duration: 507ms -->
          <step title="Reloading status file with latest updates" date="2025-11-13T20:04:26.558" >
            <step title="WebHooksManager.PublishEventAsync: PostDeployment" date="2025-11-13T20:04:26.596" /><!-- duration: 65ms -->
          </step><!-- duration: 104ms -->
          <step title="Cleaning up temporary deployment - fetch deployment was successful" date="2025-11-13T20:04:26.666" /><!-- duration: 2ms -->
        </step><!-- duration: 58266ms -->
      </step><!-- duration: 59917ms -->
