<step title="Incoming Request" date="2025-11-13T20:38:37.829" instance="14081d" url="/api/zipdeploy?isAsync=true" method="POST" type="request" pid="776,1,3" Accept="application/json" Host="app-web-5xuei2n6kwkfk.scm.azurewebsites.net" User-Agent="azsdk-go-zip-deploy/1.0.0 (go1.25.0 X:loopvar; Windows_NT),azdev/1.21.1 (Go go1.25.0 X:loopvar; windows/amd64)" Accept-Encoding="gzip" Authorization="Bea..." Content-Type="application/octet-stream" Content-Length="546636" X-Ms-Correlation-Request-Id="2bf4751ac8a96e6f64896bf6963aefed" X-ARR-LOG-ID="2bf4751a-c8a9-6e6f-6489-6bf6963aefed" CLIENT-IP="89.155.48.166:62622" X-SITE-DEPLOYMENT-ID="app-web-5xuei2n6kwkfk" WAS-DEFAULT-HOSTNAME="app-web-5xuei2n6kwkfk.scm.azurewebsites.net" X-Forwarded-Proto="https" X-AppService-Proto="https" X-Forwarded-TlsVersion="1.3" X-WAWS-Unencoded-URL="/api/zipdeploy?isAsync=true" X-Client-IP="89.155.48.166" X-Client-Port="62622" >
  <step title="Cleanup Xml Logs" date="2025-11-13T20:38:37.832" /><!-- duration: 11ms -->
  <step title="ZipPushDeploy" date="2025-11-13T20:38:37.857" >
    <step title="ZipDeploy. Extract zip." date="2025-11-13T20:38:37.865" /><!-- duration: 1ms -->
    <step title="Starting PushDeployAsync" date="2025-11-13T20:38:37.869" /><!-- duration: 3ms -->
    <step title="Writing artifact to /tmp/zipdeploy/d2ab254e-a0d4-43d5-8c28-f8fc2400edfb.zip" date="2025-11-13T20:38:37.882" >
      <step title="Writing multipart request body to /tmp/zipdeploy/d2ab254e-a0d4-43d5-8c28-f8fc2400edfb.zip" date="2025-11-13T20:38:37.886" /><!-- duration: 14ms -->
    </step><!-- duration: 149ms -->
    <step title="Removing previous build artifact&apos;s manifest file" date="2025-11-13T20:38:38.036" >
      <step title="Start deployment in the background" date="2025-11-13T20:38:38.055" >
        <step title="Acquiring Deployment Lock" date="2025-11-13T20:38:38.118" /><!-- duration: 2ms -->
        <step title="Acquired Deployment Lock" date="2025-11-13T20:38:38.143" /><!-- duration: 3ms -->
      </step><!-- duration: 199ms -->
    </step><!-- duration: 231ms -->
    <step title="Outgoing response" date="2025-11-13T20:38:38.272" type="response" statusCode="202" statusText="Accepted" /><!-- duration: 2ms -->
  </step><!-- duration: 418ms -->
