<step title="Incoming Request" date="2025-11-13T17:32:57.944" instance="14081d" url="/api/zipdeploy?isAsync=true" method="POST" type="request" pid="770,1,5" Accept="application/json" Host="app-web-5xuei2n6kwkfk.scm.azurewebsites.net" User-Agent="azsdk-go-zip-deploy/1.0.0 (go1.25.0 X:loopvar; Windows_NT),azdev/1.21.1 (Go go1.25.0 X:loopvar; windows/amd64)" Accept-Encoding="gzip" Authorization="Bea..." Content-Type="application/octet-stream" Content-Length="59211" X-Ms-Correlation-Request-Id="c5e61fbd878552adfe6bf08ee9263abc" X-ARR-LOG-ID="c5e61fbd-8785-52ad-fe6b-f08ee9263abc" CLIENT-IP="188.165.162.142:29725" X-SITE-DEPLOYMENT-ID="app-web-5xuei2n6kwkfk" WAS-DEFAULT-HOSTNAME="app-web-5xuei2n6kwkfk.scm.azurewebsites.net" X-Forwarded-Proto="https" X-AppService-Proto="https" X-Forwarded-TlsVersion="1.3" X-WAWS-Unencoded-URL="/api/zipdeploy?isAsync=true" X-Client-IP="188.165.162.142" X-Client-Port="29725" >
  <step title="ZipPushDeploy" date="2025-11-13T17:32:58.869" >
    <step title="ZipDeploy. Extract zip." date="2025-11-13T17:32:58.879" /><!-- duration: 2ms -->
    <step title="None repository commit" date="2025-11-13T17:32:58.885" >
      <step title="Commit id: deae72ca-5b6b-4956-be3f-16f4a3d5a013" date="2025-11-13T17:32:58.889" Message="N/A" AuthorName="N/A" AuthorEmail="N/A" /><!-- duration: 1ms -->
    </step><!-- duration: 6ms -->
    <step title="Starting PushDeployAsync" date="2025-11-13T17:32:58.894" /><!-- duration: 5ms -->
    <step title="Writing artifact to /tmp/zipdeploy/57a01d9a-018a-4aff-a2e5-9cb49c7ab32b.zip" date="2025-11-13T17:32:58.979" >
      <step title="Writing multipart request body to /tmp/zipdeploy/57a01d9a-018a-4aff-a2e5-9cb49c7ab32b.zip" date="2025-11-13T17:32:59.000" /><!-- duration: 28ms -->
    </step><!-- duration: 484ms -->
    <step title="Start deployment in the background" date="2025-11-13T17:32:59.533" >
      <step title="Acquiring Deployment Lock" date="2025-11-13T17:32:59.591" /><!-- duration: 2ms -->
      <step title="Acquired Deployment Lock" date="2025-11-13T17:32:59.662" /><!-- duration: 21ms -->
    </step><!-- duration: 430ms -->
  </step><!-- duration: 1106ms -->
  <step title="Outgoing response" date="2025-11-13T17:32:59.995" type="response" statusCode="202" statusText="Accepted" /><!-- duration: 9ms -->
</step><!-- duration: 2069ms -->
