<step title="Incoming Request" date="2025-11-13T20:14:35.774" instance="14081d" url="/api/zipdeploy?isAsync=true" method="POST" type="request" pid="776,1,27" Accept="application/json" Host="app-web-5xuei2n6kwkfk.scm.azurewebsites.net" User-Agent="azsdk-go-zip-deploy/1.0.0 (go1.25.0 X:loopvar; Windows_NT),azdev/1.21.1 (Go go1.25.0 X:loopvar; windows/amd64)" Accept-Encoding="gzip" Authorization="Bea..." Content-Type="application/octet-stream" Content-Length="544539" X-Ms-Correlation-Request-Id="970e5c365fc302e78cfdc625df49ee59" X-ARR-LOG-ID="970e5c36-5fc3-02e7-8cfd-c625df49ee59" CLIENT-IP="89.155.48.166:59885" X-SITE-DEPLOYMENT-ID="app-web-5xuei2n6kwkfk" WAS-DEFAULT-HOSTNAME="app-web-5xuei2n6kwkfk.scm.azurewebsites.net" X-Forwarded-Proto="https" X-AppService-Proto="https" X-Forwarded-TlsVersion="1.3" X-WAWS-Unencoded-URL="/api/zipdeploy?isAsync=true" X-Client-IP="89.155.48.166" X-Client-Port="59885" >
  <step title="Cleanup Xml Logs" date="2025-11-13T20:14:35.783" /><!-- duration: 11ms -->
  <step title="ZipPushDeploy" date="2025-11-13T20:14:35.897" >
    <step title="ZipDeploy. Extract zip." date="2025-11-13T20:14:35.918" /><!-- duration: 2ms -->
    <step title="Starting PushDeployAsync" date="2025-11-13T20:14:35.928" /><!-- duration: 2ms -->
    <step title="Writing artifact to /tmp/zipdeploy/6c62b5b9-007c-4b7c-9a94-f4847717f809.zip" date="2025-11-13T20:14:35.946" >
      <step title="Writing multipart request body to /tmp/zipdeploy/6c62b5b9-007c-4b7c-9a94-f4847717f809.zip" date="2025-11-13T20:14:35.950" /><!-- duration: 4ms -->
    </step><!-- duration: 105ms -->
    <step title="Removing previous build artifact&apos;s manifest file" date="2025-11-13T20:14:36.056" >
      <step title="Start deployment in the background" date="2025-11-13T20:14:36.074" >
        <step title="Acquiring Deployment Lock" date="2025-11-13T20:14:36.101" /><!-- duration: 2ms -->
        <step title="Acquired Deployment Lock" date="2025-11-13T20:14:36.143" /><!-- duration: 2ms -->
      </step><!-- duration: 219ms -->
    </step><!-- duration: 260ms -->
    <step title="Outgoing response" date="2025-11-13T20:14:36.331" type="response" statusCode="202" statusText="Accepted" /><!-- duration: 10ms -->
  </step><!-- duration: 447ms -->
