<step title="BackgroundTrace" date="2025-11-13T20:27:20.735" instance="14081d" url="/api/zipdeploy" method="POST" >
  <step title="Creating temporary deployment - FetchDeploymentManager" date="2025-11-13T20:27:21.087" /><!-- duration: 3ms -->
  <step title="Creating temporary deployment" date="2025-11-13T20:27:21.145" /><!-- duration: 612ms -->
  <step title="Performing fetch based deployment" date="2025-11-13T20:27:22.351" >
    <step title="Cleaning up temp folders from previous zip deployments and extracting pushed zip file /tmp/zipdeploy/c2378bb4-4794-4ea8-a134-f56f4c02641b.zip (0.52 MB) to /tmp/zipdeploy/extracted" date="2025-11-13T20:27:23.780" >
      <step title="ChmodRecursive Process exited with total time taken in ms: 142" date="2025-11-13T20:27:24.296" /><!-- duration: 4ms -->
    </step><!-- duration: 527ms -->
    <step title="Deployment timer started" date="2025-11-13T20:27:26.354" >
      <step title="DeploymentManager.Deploy(id:383e9195-15ac-480c-b675-515ca2385670)" date="2025-11-13T20:27:26.368" >
        <step title="Collecting changeset information" date="2025-11-13T20:27:26.413" /><!-- duration: 115ms -->
        <step title="Updating submodules" date="2025-11-13T20:27:26.533" /><!-- duration: 1149ms -->
        <step title="Determining deployment builder" date="2025-11-13T20:27:27.904" >
          <step title="Builder is OryxBuilder" date="2025-11-13T20:27:27.930" /><!-- duration: 2ms -->
        </step><!-- duration: 53ms -->
        <step title="PreDeployment: context.CleanOutputPath False" date="2025-11-13T20:27:28.010" >
          <step title="PreDeployment: context.OutputPath /home/site/wwwroot" date="2025-11-13T20:27:28.145" >
            <step title="Building" date="2025-11-13T20:27:28.317" >
              <step title="Executing external process" date="2025-11-13T20:27:28.647" type="process" path="bash" arguments="-c &quot;oryx build /tmp/zipdeploy/extracted -o /home/site/wwwroot --platform python --platform-version 3.11 -p virtualenv_name=antenv --log-file /tmp/build-debug.log  -i /tmp/8de22f310552050 --compress-destination-dir | tee /tmp/oryx-build.log ; exit $PIPESTATUS &quot;" /><!-- duration: 52683ms -->
              <step title="Using PythonDeploymentLogParser" date="2025-11-13T20:28:21.767" /><!-- duration: 2ms -->
              <step title="Triggering recycle (preview mode disabled)." date="2025-11-13T20:28:23.069" /><!-- duration: 7ms -->
              <step title="Modified file to trigger a restart of the app container." date="2025-11-13T20:28:23.125" /><!-- duration: 2ms -->
              <step title="Skip function trigger and logicapp sync because function is not enabled." date="2025-11-13T20:28:23.145" /><!-- duration: 22ms -->
              <step title="Purge deployment items" date="2025-11-13T20:28:24.140" >
                <step title="Remove deae72ca-, Success, received at 11/13/2025 17:33:03" date="2025-11-13T20:28:24.179" /><!-- duration: 1ms -->
              </step><!-- duration: 42ms -->
            </step><!-- duration: 55926ms -->
          </step><!-- duration: 56102ms -->
          <step title="Cleaning up temp files" date="2025-11-13T20:28:24.249" /><!-- duration: 1857ms -->
          <step title="Cleaning up temp files" date="2025-11-13T20:28:26.146" /><!-- duration: 564ms -->
          <step title="Reloading status file with latest updates" date="2025-11-13T20:28:26.890" >
            <step title="WebHooksManager.PublishEventAsync: PostDeployment" date="2025-11-13T20:28:26.903" /><!-- duration: 250ms -->
          </step><!-- duration: 313ms -->
          <step title="Cleaning up temporary deployment - fetch deployment was successful" date="2025-11-13T20:28:27.302" /><!-- duration: 42ms -->
        </step><!-- duration: 59472ms -->
      </step><!-- duration: 61185ms -->
