<step title="Incoming Request" date="2025-11-13T20:27:18.888" instance="14081d" url="/api/zipdeploy?isAsync=true" method="POST" type="request" pid="776,1,29" Accept="application/json" Host="app-web-5xuei2n6kwkfk.scm.azurewebsites.net" User-Agent="azsdk-go-zip-deploy/1.0.0 (go1.25.0 X:loopvar; Windows_NT),azdev/1.21.1 (Go go1.25.0 X:loopvar; windows/amd64)" Accept-Encoding="gzip" Authorization="Bea..." Content-Type="application/octet-stream" Content-Length="546636" X-Ms-Correlation-Request-Id="2bf4751ac8a96e6f64896bf6963aefed" X-ARR-LOG-ID="2bf4751a-c8a9-6e6f-6489-6bf6963aefed" CLIENT-IP="89.155.48.166:64828" X-SITE-DEPLOYMENT-ID="app-web-5xuei2n6kwkfk" WAS-DEFAULT-HOSTNAME="app-web-5xuei2n6kwkfk.scm.azurewebsites.net" X-Forwarded-Proto="https" X-AppService-Proto="https" X-Forwarded-TlsVersion="1.3" X-WAWS-Unencoded-URL="/api/zipdeploy?isAsync=true" X-Client-IP="89.155.48.166" X-Client-Port="64828" >
  <step title="Cleanup Xml Logs" date="2025-11-13T20:27:18.940" /><!-- duration: 79ms -->
  <step title="ZipPushDeploy" date="2025-11-13T20:27:19.551" >
    <step title="ZipDeploy. Extract zip." date="2025-11-13T20:27:19.642" /><!-- duration: 19ms -->
    <step title="Starting PushDeployAsync" date="2025-11-13T20:27:19.853" /><!-- duration: 58ms -->
    <step title="Writing artifact to /tmp/zipdeploy/c2378bb4-4794-4ea8-a134-f56f4c02641b.zip" date="2025-11-13T20:27:20.083" >
      <step title="Writing multipart request body to /tmp/zipdeploy/c2378bb4-4794-4ea8-a134-f56f4c02641b.zip" date="2025-11-13T20:27:20.113" /><!-- duration: 21ms -->
    </step><!-- duration: 403ms -->
    <step title="Removing previous build artifact&apos;s manifest file" date="2025-11-13T20:27:20.522" >
      <step title="Start deployment in the background" date="2025-11-13T20:27:20.666" >
        <step title="Acquiring Deployment Lock" date="2025-11-13T20:27:20.839" /><!-- duration: 30ms -->
        <step title="Acquired Deployment Lock" date="2025-11-13T20:27:21.059" /><!-- duration: 20ms -->
      </step><!-- duration: 1141ms -->
    </step><!-- duration: 1527ms -->
    <step title="Outgoing response" date="2025-11-13T20:27:22.122" type="response" statusCode="202" statusText="Accepted" /><!-- duration: 29ms -->
  </step><!-- duration: 2618ms -->
