<step title="BackgroundTrace" date="2025-11-13T19:30:30.277" instance="14081d" url="/api/zipdeploy" method="POST" >
  <step title="Creating temporary deployment - FetchDeploymentManager" date="2025-11-13T19:30:30.375" /><!-- duration: 2ms -->
  <step title="Creating temporary deployment" date="2025-11-13T19:30:30.388" /><!-- duration: 107ms -->
  <step title="Performing fetch based deployment" date="2025-11-13T19:30:30.579" >
    <step title="Cleaning up temp folders from previous zip deployments and extracting pushed zip file /tmp/zipdeploy/f7768211-1232-4771-b614-7d82d28f3620.zip (0.34 MB) to /tmp/zipdeploy/extracted" date="2025-11-13T19:30:31.857" >
      <step title="ChmodRecursive Process exited with total time taken in ms: 93" date="2025-11-13T19:30:32.163" /><!-- duration: 8ms -->
    </step><!-- duration: 324ms -->
    <step title="Deployment timer started" date="2025-11-13T19:30:34.252" >
      <step title="DeploymentManager.Deploy(id:a9b36f79-4b05-4582-b1f2-cc87311741db)" date="2025-11-13T19:30:34.302" >
        <step title="Collecting changeset information" date="2025-11-13T19:30:34.353" /><!-- duration: 159ms -->
        <step title="Updating submodules" date="2025-11-13T19:30:34.523" /><!-- duration: 1172ms -->
        <step title="Determining deployment builder" date="2025-11-13T19:30:35.946" >
          <step title="Builder is OryxBuilder" date="2025-11-13T19:30:35.984" /><!-- duration: 17ms -->
        </step><!-- duration: 67ms -->
        <step title="PreDeployment: context.CleanOutputPath False" date="2025-11-13T19:30:36.078" >
          <step title="PreDeployment: context.OutputPath /home/site/wwwroot" date="2025-11-13T19:30:36.182" >
            <step title="Building" date="2025-11-13T19:30:36.351" >
              <step title="Executing external process" date="2025-11-13T19:30:37.120" type="process" path="bash" arguments="-c &quot;oryx build /tmp/zipdeploy/extracted -o /home/site/wwwroot --platform python --platform-version 3.11 -p virtualenv_name=antenv --log-file /tmp/build-debug.log  -i /tmp/8de22eb1eaa6d36 --compress-destination-dir | tee /tmp/oryx-build.log ; exit $PIPESTATUS &quot;" /><!-- duration: 47734ms -->
              <step title="Using PythonDeploymentLogParser" date="2025-11-13T19:31:25.371" /><!-- duration: 3ms -->
              <step title="Triggering recycle (preview mode disabled)." date="2025-11-13T19:31:26.437" /><!-- duration: 4ms -->
              <step title="Modified file to trigger a restart of the app container." date="2025-11-13T19:31:26.481" /><!-- duration: 9ms -->
              <step title="Skip function trigger and logicapp sync because function is not enabled." date="2025-11-13T19:31:26.501" /><!-- duration: 10ms -->
            </step><!-- duration: 51147ms -->
          </step><!-- duration: 51322ms -->
          <step title="Cleaning up temp files" date="2025-11-13T19:31:27.507" /><!-- duration: 1808ms -->
          <step title="Cleaning up temp files" date="2025-11-13T19:31:29.317" /><!-- duration: 504ms -->
          <step title="Reloading status file with latest updates" date="2025-11-13T19:31:29.838" >
            <step title="WebHooksManager.PublishEventAsync: PostDeployment" date="2025-11-13T19:31:29.842" /><!-- duration: 42ms -->
          </step><!-- duration: 47ms -->
          <step title="Cleaning up temporary deployment - fetch deployment was successful" date="2025-11-13T19:31:29.888" /><!-- duration: 2ms -->
        </step><!-- duration: 53844ms -->
      </step><!-- duration: 55628ms -->
