﻿<?xml version="1.0" encoding="utf-8"?>
<deployment>
  <id>deae72ca-5b6b-4956-be3f-16f4a3d5a013</id>
  <author>N/A</author>
  <deployer>Push-Deployer</deployer>
  <authorEmail>N/A</authorEmail>
  <message>Created via a push deployment</message>
  <progress></progress>
  <status>Success</status>
  <statusText></statusText>
  <lastSuccessEndTime>2025-11-13T17:33:25.9835385Z</lastSuccessEndTime>
  <receivedTime>2025-11-13T17:33:03.9693534Z</receivedTime>
  <startTime>2025-11-13T17:33:06.2250805Z</startTime>
  <endTime>2025-11-13T17:33:25.9835385Z</endTime>
  <complete>True</complete>
  <is_temp>False</is_temp>
  <is_readonly>True</is_readonly>
  <buildSummary />
</deployment>