﻿<?xml version="1.0" encoding="utf-8"?>
<deployment>
  <id>6a60c3ac-02de-4c07-af37-763c95446b17</id>
  <author>N/A</author>
  <deployer>Push-Deployer</deployer>
  <authorEmail>N/A</authorEmail>
  <message>Created via a push deployment</message>
  <progress></progress>
  <status>Success</status>
  <statusText></statusText>
  <lastSuccessEndTime>2025-11-13T20:39:26.7267181Z</lastSuccessEndTime>
  <receivedTime>2025-11-13T20:38:41.7012411Z</receivedTime>
  <startTime>2025-11-13T20:38:43.0219984Z</startTime>
  <endTime>2025-11-13T20:39:26.7267181Z</endTime>
  <complete>True</complete>
  <is_temp>False</is_temp>
  <is_readonly>True</is_readonly>
  <buildSummary />
</deployment>