﻿<?xml version="1.0" encoding="utf-8"?>
<deployment>
  <id>189f5d4d-a401-4d2d-8a4f-72544de40107</id>
  <author>N/A</author>
  <deployer>Push-Deployer</deployer>
  <authorEmail>N/A</authorEmail>
  <message>Created via a push deployment</message>
  <progress></progress>
  <status>Success</status>
  <statusText></statusText>
  <lastSuccessEndTime>2025-11-13T20:15:32.6884194Z</lastSuccessEndTime>
  <receivedTime>2025-11-13T20:14:40.3583719Z</receivedTime>
  <startTime>2025-11-13T20:14:41.7263557Z</startTime>
  <endTime>2025-11-13T20:15:32.6884194Z</endTime>
  <complete>True</complete>
  <is_temp>False</is_temp>
  <is_readonly>True</is_readonly>
  <buildSummary />
</deployment>