<step title="Incoming Request" date="2025-11-13T17:43:47.894" instance="14081d" url="/api/zipdeploy?isAsync=true" method="POST" type="request" pid="769,1,16" Accept="application/json" Host="app-web-5xuei2n6kwkfk.scm.azurewebsites.net" User-Agent="azsdk-go-zip-deploy/1.0.0 (go1.25.0 X:loopvar; Windows_NT),azdev/1.21.1 (Go go1.25.0 X:loopvar; windows/amd64)" Accept-Encoding="gzip" Authorization="Bea..." Content-Type="application/octet-stream" Content-Length="59211" X-Ms-Correlation-Request-Id="c5e61fbd878552adfe6bf08ee9263abc" X-ARR-LOG-ID="c5e61fbd-8785-52ad-fe6b-f08ee9263abc" CLIENT-IP="188.165.162.142:39264" X-SITE-DEPLOYMENT-ID="app-web-5xuei2n6kwkfk" WAS-DEFAULT-HOSTNAME="app-web-5xuei2n6kwkfk.scm.azurewebsites.net" X-Forwarded-Proto="https" X-AppService-Proto="https" X-Forwarded-TlsVersion="1.3" X-WAWS-Unencoded-URL="/api/zipdeploy?isAsync=true" X-Client-IP="188.165.162.142" X-Client-Port="39264" >
  <step title="Cleanup Xml Logs" date="2025-11-13T17:43:47.925" /><!-- duration: 43ms -->
  <step title="ZipPushDeploy" date="2025-11-13T17:43:48.516" >
    <step title="ZipDeploy. Extract zip." date="2025-11-13T17:43:48.685" /><!-- duration: 100ms -->
    <step title="None repository commit" date="2025-11-13T17:43:48.866" >
      <step title="Commit id: aede6521-a995-4624-b5af-33e6bea8c0cf" date="2025-11-13T17:43:48.935" Message="N/A" AuthorName="N/A" AuthorEmail="N/A" /><!-- duration: 11ms -->
    </step><!-- duration: 92ms -->
    <step title="Starting PushDeployAsync" date="2025-11-13T17:43:48.988" /><!-- duration: 49ms -->
    <step title="Writing artifact to /tmp/zipdeploy/a9f758ef-0940-405c-9299-b05c2ff9ba4c.zip" date="2025-11-13T17:43:49.470" >
      <step title="Writing multipart request body to /tmp/zipdeploy/a9f758ef-0940-405c-9299-b05c2ff9ba4c.zip" date="2025-11-13T17:43:49.519" /><!-- duration: 42ms -->
    </step><!-- duration: 401ms -->
    <step title="Start deployment in the background" date="2025-11-13T17:43:50.033" >
      <step title="Acquiring Deployment Lock" date="2025-11-13T17:43:50.376" /><!-- duration: 21ms -->
      <step title="Acquired Deployment Lock" date="2025-11-13T17:43:50.949" /><!-- duration: 40ms -->
    </step><!-- duration: 1709ms -->
  </step><!-- duration: 3389ms -->
  <step title="Outgoing response" date="2025-11-13T17:43:52.006" type="response" statusCode="202" statusText="Accepted" /><!-- duration: 59ms -->
</step><!-- duration: 4181ms -->
