<step title="BackgroundTrace" date="2025-11-13T18:19:00.753" instance="14081d" url="/api/zipdeploy" method="POST" >
  <step title="Creating temporary deployment - FetchDeploymentManager" date="2025-11-13T18:19:00.800" /><!-- duration: 1ms -->
  <step title="Creating temporary deployment" date="2025-11-13T18:19:00.803" /><!-- duration: 46ms -->
  <step title="Performing fetch based deployment" date="2025-11-13T18:19:00.865" >
    <step title="Cleaning up temp folders from previous zip deployments and extracting pushed zip file /tmp/zipdeploy/f5cf5d8a-d626-4ad8-93f8-73c695186491.zip (0.15 MB) to /tmp/zipdeploy/extracted" date="2025-11-13T18:19:02.103" >
      <step title="ChmodRecursive Process exited with total time taken in ms: 71" date="2025-11-13T18:19:02.617" /><!-- duration: 11ms -->
    </step><!-- duration: 544ms -->
    <step title="Deployment timer started" date="2025-11-13T18:19:04.696" >
      <step title="DeploymentManager.Deploy(id:5911eab9-2e35-4c09-9388-bd9cd2523810)" date="2025-11-13T18:19:04.743" >
        <step title="Collecting changeset information" date="2025-11-13T18:19:04.834" /><!-- duration: 153ms -->
        <step title="Updating submodules" date="2025-11-13T18:19:04.989" /><!-- duration: 1192ms -->
        <step title="Determining deployment builder" date="2025-11-13T18:19:06.713" >
          <step title="Builder is BasicBuilder" date="2025-11-13T18:19:06.826" /><!-- duration: 47ms -->
        </step><!-- duration: 223ms -->
        <step title="PreDeployment: context.CleanOutputPath False" date="2025-11-13T18:19:07.168" >
          <step title="PreDeployment: context.OutputPath /home/site/wwwroot" date="2025-11-13T18:19:07.828" >
            <step title="Building" date="2025-11-13T18:19:08.041" >
              <step title="Executing external process" date="2025-11-13T18:19:08.588" type="process" path="starter.sh" arguments="/opt/Kudu/Scripts/parallel_rsync.sh /tmp/zipdeploy/extracted /home/site/wwwroot 8 /tmp/ False True  " /><!-- duration: 11838ms -->
              <step title="Triggering recycle (preview mode disabled)." date="2025-11-13T18:19:21.300" /><!-- duration: 11ms -->
              <step title="Modified file to trigger a restart of the app container." date="2025-11-13T18:19:21.409" /><!-- duration: 20ms -->
              <step title="Skip function trigger and logicapp sync because function is not enabled." date="2025-11-13T18:19:21.442" /><!-- duration: 19ms -->
            </step><!-- duration: 14946ms -->
          </step><!-- duration: 15182ms -->
          <step title="Cleaning up temp files" date="2025-11-13T18:19:23.029" /><!-- duration: 19ms -->
          <step title="Cleaning up temp files" date="2025-11-13T18:19:23.069" /><!-- duration: 544ms -->
          <step title="Reloading status file with latest updates" date="2025-11-13T18:19:23.703" >
            <step title="WebHooksManager.PublishEventAsync: PostDeployment" date="2025-11-13T18:19:23.741" /><!-- duration: 180ms -->
          </step><!-- duration: 240ms -->
          <step title="Cleaning up temporary deployment - fetch deployment was successful" date="2025-11-13T18:19:23.964" /><!-- duration: 10ms -->
        </step><!-- duration: 17367ms -->
      </step><!-- duration: 20073ms -->
