<step title="Incoming Request" date="2025-11-13T17:46:20.575" instance="14081d" url="/api/zipdeploy?isAsync=true" method="POST" type="request" pid="772,1,7" Accept="application/json" Host="app-web-5xuei2n6kwkfk.scm.azurewebsites.net" User-Agent="azsdk-go-zip-deploy/1.0.0 (go1.25.0 X:loopvar; Windows_NT),azdev/1.21.1 (Go go1.25.0 X:loopvar; windows/amd64)" Accept-Encoding="gzip" Authorization="Bea..." Content-Type="application/octet-stream" Content-Length="106002" X-Ms-Correlation-Request-Id="5115fed3b1b01d37f078fcc2b539af3e" X-ARR-LOG-ID="5115fed3-b1b0-1d37-f078-fcc2b539af3e" CLIENT-IP="188.165.162.142:49953" X-SITE-DEPLOYMENT-ID="app-web-5xuei2n6kwkfk" WAS-DEFAULT-HOSTNAME="app-web-5xuei2n6kwkfk.scm.azurewebsites.net" X-Forwarded-Proto="https" X-AppService-Proto="https" X-Forwarded-TlsVersion="1.3" X-WAWS-Unencoded-URL="/api/zipdeploy?isAsync=true" X-Client-IP="188.165.162.142" X-Client-Port="49953" >
  <step title="ZipPushDeploy" date="2025-11-13T17:46:21.350" >
    <step title="ZipDeploy. Extract zip." date="2025-11-13T17:46:21.359" /><!-- duration: 2ms -->
    <step title="None repository commit" date="2025-11-13T17:46:21.365" >
      <step title="Commit id: 6332a9e4-46fd-4ae2-9738-64394e548160" date="2025-11-13T17:46:21.367" Message="N/A" AuthorName="N/A" AuthorEmail="N/A" /><!-- duration: 2ms -->
    </step><!-- duration: 5ms -->
    <step title="Starting PushDeployAsync" date="2025-11-13T17:46:21.371" /><!-- duration: 1ms -->
    <step title="Writing artifact to /tmp/zipdeploy/2946dc33-507c-43fc-93f4-2c99298a761e.zip" date="2025-11-13T17:46:21.400" >
      <step title="Writing multipart request body to /tmp/zipdeploy/2946dc33-507c-43fc-93f4-2c99298a761e.zip" date="2025-11-13T17:46:21.420" /><!-- duration: 11ms -->
    </step><!-- duration: 100ms -->
    <step title="Start deployment in the background" date="2025-11-13T17:46:21.550" >
      <step title="Acquiring Deployment Lock" date="2025-11-13T17:46:21.592" /><!-- duration: 9ms -->
      <step title="Acquired Deployment Lock" date="2025-11-13T17:46:21.655" /><!-- duration: 1ms -->
    </step><!-- duration: 181ms -->
  </step><!-- duration: 386ms -->
  <step title="Outgoing response" date="2025-11-13T17:46:21.775" type="response" statusCode="202" statusText="Accepted" /><!-- duration: 2ms -->
</step><!-- duration: 1204ms -->
