<step title="BackgroundTrace" date="2025-11-13T17:46:21.572" instance="14081d" url="/api/zipdeploy" method="POST" >
  <step title="Creating temporary deployment - FetchDeploymentManager" date="2025-11-13T17:46:21.658" /><!-- duration: 2ms -->
  <step title="Creating temporary deployment" date="2025-11-13T17:46:21.662" /><!-- duration: 67ms -->
  <step title="Performing fetch based deployment" date="2025-11-13T17:46:21.815" >
    <step title="Cleaning up temp folders from previous zip deployments and extracting pushed zip file /tmp/zipdeploy/2946dc33-507c-43fc-93f4-2c99298a761e.zip (0.10 MB) to /tmp/zipdeploy/extracted" date="2025-11-13T17:46:23.169" >
      <step title="ChmodRecursive Process exited with total time taken in ms: 111" date="2025-11-13T17:46:23.671" /><!-- duration: 13ms -->
    </step><!-- duration: 522ms -->
    <step title="Deployment timer started" date="2025-11-13T17:46:25.712" >
      <step title="DeploymentManager.Deploy(id:6332a9e4-46fd-4ae2-9738-64394e548160)" date="2025-11-13T17:46:25.743" >
        <step title="Collecting changeset information" date="2025-11-13T17:46:25.803" /><!-- duration: 138ms -->
        <step title="Updating submodules" date="2025-11-13T17:46:25.944" /><!-- duration: 1159ms -->
        <step title="Determining deployment builder" date="2025-11-13T17:46:27.351" >
          <step title="Builder is BasicBuilder" date="2025-11-13T17:46:27.380" /><!-- duration: 3ms -->
        </step><!-- duration: 38ms -->
        <step title="PreDeployment: context.CleanOutputPath False" date="2025-11-13T17:46:27.458" >
          <step title="PreDeployment: context.OutputPath /home/site/wwwroot" date="2025-11-13T17:46:27.569" >
            <step title="Building" date="2025-11-13T17:46:27.725" >
              <step title="Executing external process" date="2025-11-13T17:46:28.059" type="process" path="starter.sh" arguments="/opt/Kudu/Scripts/parallel_rsync.sh /tmp/zipdeploy/extracted /home/site/wwwroot 8 /tmp/ False True  " /><!-- duration: 4855ms -->
              <step title="Triggering recycle (preview mode disabled)." date="2025-11-13T17:46:33.167" /><!-- duration: 3ms -->
              <step title="Modified file to trigger a restart of the app container." date="2025-11-13T17:46:33.219" /><!-- duration: 13ms -->
              <step title="Skip function trigger and logicapp sync because function is not enabled." date="2025-11-13T17:46:33.270" /><!-- duration: 12ms -->
              <step title="Purge deployment items" date="2025-11-13T17:46:34.020" >
                <step title="Remove aede6521-, Failed, received at 11/13/2025 17:43:58" date="2025-11-13T17:46:34.067" /><!-- duration: 2ms -->
                <step title="Remove temp-9da9, Failed, received at 11/13/2025 17:43:51" date="2025-11-13T17:46:34.119" /><!-- duration: 1ms -->
              </step><!-- duration: 117ms -->
            </step><!-- duration: 6519ms -->
          </step><!-- duration: 6678ms -->
          <step title="Cleaning up temp files" date="2025-11-13T17:46:34.248" /><!-- duration: 11ms -->
          <step title="Cleaning up temp files" date="2025-11-13T17:46:34.261" /><!-- duration: 513ms -->
          <step title="Reloading status file with latest updates" date="2025-11-13T17:46:34.811" >
            <step title="WebHooksManager.PublishEventAsync: PostDeployment" date="2025-11-13T17:46:34.813" /><!-- duration: 108ms -->
          </step><!-- duration: 113ms -->
          <step title="Cleaning up temporary deployment - fetch deployment was successful" date="2025-11-13T17:46:34.929" /><!-- duration: 2ms -->
        </step><!-- duration: 7527ms -->
      </step><!-- duration: 9275ms -->
