<step title="Incoming Request" date="2025-11-13T18:16:32.049" instance="14081d" url="/api/zipdeploy?isAsync=true" method="POST" type="request" pid="772,1,34" Accept="application/json" Host="app-web-5xuei2n6kwkfk.scm.azurewebsites.net" User-Agent="azsdk-go-zip-deploy/1.0.0 (go1.25.0 X:loopvar; Windows_NT),azdev/1.21.1 (Go go1.25.0 X:loopvar; windows/amd64)" Accept-Encoding="gzip" Authorization="Bea..." Content-Type="application/octet-stream" Content-Length="156961" X-Ms-Correlation-Request-Id="c70305c31b83c6b70d69bd1ddf646ecd" X-ARR-LOG-ID="c70305c3-1b83-c6b7-0d69-bd1ddf646ecd" CLIENT-IP="89.155.48.166:50513" X-SITE-DEPLOYMENT-ID="app-web-5xuei2n6kwkfk" WAS-DEFAULT-HOSTNAME="app-web-5xuei2n6kwkfk.scm.azurewebsites.net" X-Forwarded-Proto="https" X-AppService-Proto="https" X-Forwarded-TlsVersion="1.3" X-WAWS-Unencoded-URL="/api/zipdeploy?isAsync=true" X-Client-IP="89.155.48.166" X-Client-Port="50513" >
  <step title="Cleanup Xml Logs" date="2025-11-13T18:16:32.059" /><!-- duration: 4ms -->
  <step title="ZipPushDeploy" date="2025-11-13T18:16:32.130" >
    <step title="ZipDeploy. Extract zip." date="2025-11-13T18:16:32.139" /><!-- duration: 3ms -->
    <step title="Starting PushDeployAsync" date="2025-11-13T18:16:32.148" /><!-- duration: 3ms -->
    <step title="Writing artifact to /tmp/zipdeploy/cb2cb668-9318-4200-b353-f66319d6afe3.zip" date="2025-11-13T18:16:32.173" >
      <step title="Writing multipart request body to /tmp/zipdeploy/cb2cb668-9318-4200-b353-f66319d6afe3.zip" date="2025-11-13T18:16:32.176" /><!-- duration: 6ms -->
    </step><!-- duration: 40ms -->
    <step title="Start deployment in the background" date="2025-11-13T18:16:32.256" >
      <step title="Acquiring Deployment Lock" date="2025-11-13T18:16:32.275" /><!-- duration: 2ms -->
      <step title="Acquired Deployment Lock" date="2025-11-13T18:16:32.306" /><!-- duration: 2ms -->
    </step><!-- duration: 129ms -->
  </step><!-- duration: 264ms -->
  <step title="Outgoing response" date="2025-11-13T18:16:32.400" type="response" statusCode="202" statusText="Accepted" /><!-- duration: 2ms -->
</step><!-- duration: 355ms -->
