<step title="Incoming Request" date="2025-11-13T18:05:42.974" instance="14081d" url="/api/zipdeploy?isAsync=true" method="POST" type="request" pid="772,1,27" Accept="*/*" Host="app-web-5xuei2n6kwkfk.scm.azurewebsites.net" User-Agent="AZURECLI/2.79.0 (MSI)" Accept-Encoding="gzip, deflate" Authorization="Bas..." Cache-Control="no-cache" Content-Type="application/octet-stream" Content-Length="3579" x-ms-client-request-id="5c404b2a-c0bb-11f0-b0e6-387a0ef2473d" x-ms-artifact-checksum="ceb1f6e6c399cc9350306fd1c2d4c64681f42e68cee25c482292eea3b505db37" X-ARR-LOG-ID="5c404b2a-c0bb-11f0-b0e6-387a0ef2473d" CLIENT-IP="188.165.162.142:39958" X-SITE-DEPLOYMENT-ID="app-web-5xuei2n6kwkfk" WAS-DEFAULT-HOSTNAME="app-web-5xuei2n6kwkfk.scm.azurewebsites.net" X-Forwarded-Proto="https" X-AppService-Proto="https" X-Forwarded-TlsVersion="1.3" X-WAWS-Unencoded-URL="/api/zipdeploy?isAsync=true" X-Client-IP="188.165.162.142" X-Client-Port="39958" >
  <step title="Cleanup Xml Logs" date="2025-11-13T18:05:42.976" /><!-- duration: 28ms -->
  <step title="ZipPushDeploy" date="2025-11-13T18:05:43.072" >
    <step title="ZipDeploy. Extract zip." date="2025-11-13T18:05:43.087" /><!-- duration: 646ms -->
    <step title="Starting PushDeployAsync" date="2025-11-13T18:05:43.743" /><!-- duration: 2ms -->
    <step title="Writing artifact to /tmp/zipdeploy/92b2ce63-8f83-46ab-a180-9adda1d7b105.zip" date="2025-11-13T18:05:43.763" >
      <step title="Writing multipart request body to /tmp/zipdeploy/92b2ce63-8f83-46ab-a180-9adda1d7b105.zip" date="2025-11-13T18:05:43.765" /><!-- duration: 2ms -->
    </step><!-- duration: 61ms -->
    <step title="Start deployment in the background" date="2025-11-13T18:05:43.830" >
      <step title="Acquiring Deployment Lock" date="2025-11-13T18:05:43.854" /><!-- duration: 2ms -->
      <step title="Acquired Deployment Lock" date="2025-11-13T18:05:43.886" /><!-- duration: 3ms -->
    </step><!-- duration: 177ms -->
  </step><!-- duration: 941ms -->
  <step title="Outgoing response" date="2025-11-13T18:05:44.034" type="response" statusCode="202" statusText="Accepted" /><!-- duration: 2ms -->
</step><!-- duration: 1063ms -->
