<step title="BackgroundTrace" date="2025-11-13T17:43:50.184" instance="14081d" url="/api/zipdeploy" method="POST" >
  <step title="Creating temporary deployment - FetchDeploymentManager" date="2025-11-13T17:43:51.010" /><!-- duration: 19ms -->
  <step title="Creating temporary deployment" date="2025-11-13T17:43:51.101" /><!-- duration: 572ms -->
  <step title="Performing fetch based deployment" date="2025-11-13T17:43:52.326" >
    <step title="Cleaning up temp folders from previous zip deployments and extracting pushed zip file /tmp/zipdeploy/a9f758ef-0940-405c-9299-b05c2ff9ba4c.zip (0.06 MB) to /tmp/zipdeploy/extracted" date="2025-11-13T17:43:54.563" >
      <step title="ChmodRecursive Process exited with total time taken in ms: 349" date="2025-11-13T17:43:55.979" /><!-- duration: 23ms -->
    </step><!-- duration: 1498ms -->
    <step title="Deployment timer started" date="2025-11-13T17:43:58.282" >
      <step title="DeploymentManager.Deploy(id:aede6521-a995-4624-b5af-33e6bea8c0cf)" date="2025-11-13T17:43:58.510" >
        <step title="Collecting changeset information" date="2025-11-13T17:43:58.732" /><!-- duration: 223ms -->
        <step title="Updating submodules" date="2025-11-13T17:43:59.003" /><!-- duration: 1643ms -->
        <step title="Determining deployment builder" date="2025-11-13T17:44:01.358" >
          <step title="Builder is BasicBuilder" date="2025-11-13T17:44:01.629" /><!-- duration: 71ms -->
        </step><!-- duration: 411ms -->
        <step title="PreDeployment: context.CleanOutputPath False" date="2025-11-13T17:44:02.002" >
          <step title="PreDeployment: context.OutputPath /home/site/wwwroot" date="2025-11-13T17:44:02.856" >
            <step title="Building" date="2025-11-13T17:44:04.338" >
              <step title="Executing external process" date="2025-11-13T17:44:07.919" type="process" path="starter.sh" arguments="/opt/Kudu/Scripts/parallel_rsync.sh /tmp/zipdeploy/extracted /home/site/wwwroot 8 /tmp/ False True  " >
                <step title="Error occurred" date="2025-11-13T17:44:26.352" type="error" text="Deployment has been stopped due to SCM container restart. The restart can happen due to a management operation on site. Do not perform a management operation and a deployment operation in quick succession. Adding a small delay can help avoid any conflicts." /><!-- duration: 112ms -->
                <step title="Killing external process" date="2025-11-13T17:44:26.563" 