<step title="Incoming Request" date="2025-11-13T18:07:18.918" instance="14081d" url="/api/zipdeploy?isAsync=true" method="POST" type="request" pid="772,1,26" Accept="application/json" Host="app-web-5xuei2n6kwkfk.scm.azurewebsites.net" User-Agent="azsdk-go-zip-deploy/1.0.0 (go1.25.0 X:loopvar; Windows_NT),azdev/1.21.1 (Go go1.25.0 X:loopvar; windows/amd64)" Accept-Encoding="gzip" Authorization="Bea..." Content-Type="application/octet-stream" Content-Length="156961" X-Ms-Correlation-Request-Id="154de9f722b1443a7a78cfabbf61f086" X-ARR-LOG-ID="154de9f7-22b1-443a-7a78-cfabbf61f086" CLIENT-IP="188.165.162.142:62832" X-SITE-DEPLOYMENT-ID="app-web-5xuei2n6kwkfk" WAS-DEFAULT-HOSTNAME="app-web-5xuei2n6kwkfk.scm.azurewebsites.net" X-Forwarded-Proto="https" X-AppService-Proto="https" X-Forwarded-TlsVersion="1.3" X-WAWS-Unencoded-URL="/api/zipdeploy?isAsync=true" X-Client-IP="188.165.162.142" X-Client-Port="62832" >
  <step title="Cleanup Xml Logs" date="2025-11-13T18:07:18.937" /><!-- duration: 30ms -->
  <step title="ZipPushDeploy" date="2025-11-13T18:07:19.036" >
    <step title="ZipDeploy. Extract zip." date="2025-11-13T18:07:19.058" /><!-- duration: 1ms -->
    <step title="Starting PushDeployAsync" date="2025-11-13T18:07:19.068" /><!-- duration: 9ms -->
    <step title="Writing artifact to /tmp/zipdeploy/4c460cc1-c4b1-48c1-b967-3ec776bb9eca.zip" date="2025-11-13T18:07:19.109" >
      <step title="Writing multipart request body to /tmp/zipdeploy/4c460cc1-c4b1-48c1-b967-3ec776bb9eca.zip" date="2025-11-13T18:07:19.118" /><!-- duration: 19ms -->
    </step><!-- duration: 151ms -->
    <step title="Start deployment in the background" date="2025-11-13T18:07:19.278" >
      <step title="Acquiring Deployment Lock" date="2025-11-13T18:07:19.348" /><!-- duration: 12ms -->
      <step title="Acquired Deployment Lock" date="2025-11-13T18:07:19.439" /><!-- duration: 10ms -->
    </step><!-- duration: 284ms -->
  </step><!-- duration: 536ms -->
  <step title="Outgoing response" date="2025-11-13T18:07:19.590" type="response" statusCode="202" statusText="Accepted" /><!-- duration: 20ms -->
</step><!-- duration: 694ms -->
